{
    "items": [
        {
            "name": "Bed",
            "description": "A comfortable bed for a good night's sleep",
            "icon": 75
        },
        {
            "name": "Present 1",
            "description": "A surprise gift wrapped in colorful paper",
            "icon": 9
        },
        {
            "name": "Present 2",
            "description": "A small box with a ribbon, waiting to be opened",
            "icon": 10
        },
        {
            "name": "Present 3",
            "description": "A mysterious package with intriguing contents",
            "icon": 11
        },
        {
            "name": "Beach Ball",
            "description": "A colorful inflatable ball for beach and outdoor games",
            "icon": 195
        },
        {
            "name": "Star",
            "description": "A celestial symbol of wonder and inspiration",
            "icon": 72
        },
        {
            "name": "Box",
            "description": "A sturdy container for storing or transporting items",
            "icon": 13
        },
        {
            "name": "Flower Pot",
            "description": "A decorative pot used for growing and displaying plants",
            "icon": 197
        },
        {
            "name": "Skull",
            "description": "A macabre symbol often associated with mortality",
            "icon": 12
        }
    ]
}